model,complexity_label,complexity,n_train,sigma,n_repeats,fit_time_sec,bias2,bias2_raw,bias2_mc_correction,bias2_ci_low,bias2_ci_high,variance,variance_ci_low,variance_ci_high,noise,expected_mse,empirical_mse,decomposition_gap
Polynomial Ridge,degree,1,160,0.35,50,0.053962500009220093,0.7292124047614867,0.7293568267489623,0.00014442198747553124,0.728640807431475,0.7297840020914985,0.007221099373776563,0.005531260293566013,0.008910938453987112,0.12249999999999998,0.8589335041352633,0.8531592308507255,-0.005774273284537723
Polynomial Ridge,degree,2,160,0.35,50,0.05131112498929724,0.4362725710317119,0.43644367449947585,0.0001711034677639576,0.43585652332578184,0.436688618737642,0.00855517338819788,0.006565162054636642,0.010545184721759117,0.12249999999999998,0.5673277444199097,0.5638422237636385,-0.0034855206562712793
Polynomial Ridge,degree,3,160,0.35,50,0.0510762500052806,0.311966031377704,0.31218191623773456,0.00021588486003052483,0.31108055876246876,0.31285150399293926,0.010794243001526241,0.008920981458874797,0.012667504544177685,0.12249999999999998,0.44526027437923027,0.4391654165738441,-0.006094857805386156
Polynomial Ridge,degree,4,160,0.35,50,0.05127033402095549,0.31228323646390016,0.3125647122412853,0.00028147577738512545,0.31107995106748176,0.31348652186031856,0.014073788869256273,0.011729057107021823,0.016418520631490723,0.12249999999999998,0.4488570253331564,0.44226353695342674,-0.006593488379729673
Polynomial Ridge,degree,5,160,0.35,50,0.05132083399803378,0.0328308257841542,0.03297740178925703,0.00014657600510283242,0.032050934410874136,0.033610717157434265,0.007328800255141621,0.006001246602981055,0.008656353907302187,0.12249999999999998,0.1626596260392958,0.16001424382696497,-0.0026453822123308213
Polynomial Ridge,degree,7,160,0.35,50,0.05177791599999182,0.0007101726411120538,0.0008553739228908136,0.0001452012817787598,0.0005169153947415827,0.0009034298874825248,0.00726006408893799,0.006322683972616801,0.008197444205259178,0.12249999999999998,0.13047023673005004,0.12725839551785334,-0.0032118412121966977
Polynomial Ridge,degree,9,160,0.35,50,0.05960550002055243,0.001004009609278001,0.0011747704948694311,0.00017076088559143016,0.0006288525985260494,0.0013791666200299525,0.008538044279571508,0.007506029301154266,0.00957005925798875,0.12249999999999998,0.1320420538888495,0.1285899174601066,-0.003452136428742897
Polynomial Ridge,degree,12,160,0.35,50,0.060207792004803196,0.0005039747347810458,0.0006951144610506829,0.00019113972626963704,0.00013600225196946784,0.0008719472175926238,0.009556986313481852,0.008601947816081217,0.010512024810882486,0.12249999999999998,0.13256096104826287,0.1292324800948093,-0.003328480953453561
Decision Tree,max_depth,1,160,0.35,50,0.031020249996799976,0.3371449231923861,0.3377402902090077,0.0005953670166216037,0.3344526637237193,0.3398371826610529,0.029768350831080186,0.02517382118360447,0.0343628804785559,0.12249999999999998,0.4894132740234663,0.486596953139416,-0.0028163208840503162
Decision Tree,max_depth,2,160,0.35,50,0.031160542013822123,0.15617238751741977,0.15706207427440694,0.0008896867569871596,0.14644757903124928,0.16589719600359026,0.04448433784935798,0.03973237530886248,0.04923630038985348,0.12249999999999998,0.32315672536677775,0.3193500603933948,-0.003806664973382945
Decision Tree,max_depth,3,160,0.35,50,0.031214082991937175,0.0541371638430007,0.05530828645807313,0.0011711226150724365,0.05019821897802247,0.05807610870797893,0.05855613075362182,0.053085453544001564,0.06402680796324209,0.12249999999999998,0.23519329459662253,0.22954240137630436,-0.0056508932203181705
Decision Tree,max_depth,4,160,0.35,50,0.03165079199243337,0.008892353621920066,0.01002452453068762,0.0011321709087675545,0.00702092574929899,0.010763781494541142,0.056608545438377726,0.0517519156945826,0.06146517518217285,0.12249999999999998,0.18800089906029777,0.18506975786371113,-0.002931141196586634
Decision Tree,max_depth,5,160,0.35,50,0.03210974999819882,0.0011733143414831568,0.0023028743290247804,0.0011295599875416236,0.0002781055949511459,0.0020685230880151677,0.05647799937708118,0.05251322386640311,0.06044277488775925,0.12249999999999998,0.18015131371856433,0.17959683157110787,-0.0005544821474564587
Decision Tree,max_depth,7,160,0.35,50,0.03381566601456143,-2.6652231673627387e-05,0.0017857048707976548,0.0018123571024712822,-0.0010492889918715213,0.0009959845285242666,0.09061785512356411,0.0864657158294587,0.09476999441766953,0.12249999999999998,0.21309120289189049,0.2111442431696787,-0.0019469597222117885
Decision Tree,max_depth,10,160,0.35,50,0.034806499985279515,0.00011548759848514258,0.0025047629446600644,0.002389275346174922,-0.001150364614342241,0.0013813398113125261,0.1194637673087461,0.11500966802124606,0.12391786659624614,0.12249999999999998,0.24207925490723123,0.23974049243361403,-0.0023387624736171952
Decision Tree,max_depth,14,160,0.35,50,0.035413082980085164,2.9731160518966897e-05,0.002577513706003843,0.002547782545484876,-0.0013155907876061103,0.001375053108644044,0.1273891272742438,0.12296147034693672,0.1318167842015509,0.12249999999999998,0.24991885843476275,0.24804030233396665,-0.0018785561007960971
KNN,n_neighbors,1,160,0.35,50,0.05184154098969884,4.84447611175361e-05,0.002602150884351589,0.002553706123234053,-0.0012955367604397857,0.001392426282674858,0.12768530616170265,0.12327752382316298,0.13209308850024232,0.12249999999999998,0.2502337509228202,0.24854051451469886,-0.0016932364081213291
KNN,n_neighbors,2,160,0.35,50,0.05314883298706263,0.00026154175595223257,0.0015257376410176577,0.001264195885065425,-0.000549339227751771,0.0010724227396562362,0.06320979425327125,0.060418664395077204,0.0660009241114653,0.12249999999999998,0.18597133600922347,0.18469950625814185,-0.0012718297510816157
KNN,n_neighbors,3,160,0.35,50,0.04709237499628216,0.000322869337644879,0.0011700663117078527,0.0008471969740629737,-0.00029319667577870493,0.0009389353510684629,0.042359848703148684,0.040321028414168916,0.04439866899212845,0.12249999999999998,0.16518271804079354,0.164289378025874,-0.0008933400149195303
KNN,n_neighbors,5,160,0.35,50,0.04689354100264609,0.0008991238968909632,0.0014363064099953285,0.0005371825131043653,0.0003496761242262757,0.0014485716695556508,0.026859125655218263,0.025303662466545345,0.02841458884389118,0.12249999999999998,0.1502582495521092,0.148514905221418,-0.0017433443306912044
KNN,n_neighbors,8,160,0.35,50,0.048045083007309586,0.0022900934129733205,0.0026656107495470144,0.00037551733657369385,0.0016411872159367313,0.0029389996100099096,0.018775866828684692,0.017330529728375142,0.020221203928994243,0.12249999999999998,0.143565960241658,0.14026285235547145,-0.0033031078861865404
KNN,n_neighbors,12,160,0.35,50,0.04945087499800138,0.005519436864087949,0.005814619137776725,0.00029518227368877646,0.004572690349892345,0.006466183378283552,0.014759113684438822,0.013498581277968422,0.016019646090909223,0.12249999999999998,0.14277855054852676,0.13830484351301112,-0.004473707035515639
KNN,n_neighbors,20,160,0.35,50,0.05592554097529501,0.019566230197018045,0.01982870559172255,0.00026247539470450624,0.017597631340964003,0.021534829053072087,0.013123769735225313,0.011842674894067956,0.01440486457638267,0.12249999999999998,0.15518999993224333,0.1501469776528678,-0.005043022279375531
KNN,n_neighbors,35,160,0.35,50,0.06078624998917803,0.07262706012798384,0.07289340370263546,0.00026634357465162316,0.06811718743468187,0.07713693282128581,0.013317178732581158,0.011269044062744234,0.015365313402418082,0.12249999999999998,0.20844423886056498,0.20287058713696168,-0.005573651723603301
KNN,n_neighbors,60,160,0.35,50,0.07171558300615288,0.3896097121202072,0.38994715988894163,0.0003374477687344478,0.3697034446586588,0.40951597958175556,0.01687238843672239,0.013075431786455895,0.020669345086988884,0.12249999999999998,0.5289821005569295,0.5233401713592718,-0.0056419291976577135
Random Forest,max_depth,1,160,0.35,50,2.407445832999656,0.3345788570476504,0.33487079117877305,0.00029193413112266686,0.33292174892864684,0.33623596516665394,0.014596706556133342,0.011721113877285447,0.017472299234981236,0.12249999999999998,0.4716755636037837,0.46833961711352434,-0.003335946490259367
Random Forest,max_depth,2,160,0.35,50,2.3872366250143386,0.15266852067847816,0.15308576655967437,0.0004172458811962185,0.14619542697870885,0.15914161437824748,0.020862294059810924,0.017999179064469937,0.02372540905515191,0.12249999999999998,0.29603081473828907,0.29191525970062926,-0.004115555037659813
Random Forest,max_depth,3,160,0.35,50,2.398048500006553,0.0495284402342919,0.05002640318666525,0.0004979629523733519,0.04747501118723391,0.05158186928134988,0.024898147618667595,0.022461209040050934,0.027335086197284256,0.12249999999999998,0.19692658785295947,0.19292225016222186,-0.004004337690737603
Random Forest,max_depth,4,160,0.35,50,2.3954185000038706,0.0077621797302915565,0.008273748478757994,0.0005115687484664379,0.006618609877483833,0.00890574958309928,0.025578437423321894,0.023100996051048144,0.028055878795595644,0.12249999999999998,0.15584061715361344,0.15365617838428616,-0.0021844387693272793
Random Forest,max_depth,6,160,0.35,50,2.4165395839954726,0.00036865504277692443,0.001101019778769669,0.0007323647359927445,-0.0002474055546292347,0.0009847156401830836,0.03661823679963722,0.03451458481689998,0.03872188878237447,0.12249999999999998,0.15948689184241413,0.1581179430692585,-0.0013689487731556316
Random Forest,max_depth,8,160,0.35,50,2.402550083003007,0.0002433458782787111,0.0012509140125761232,0.001007568134297412,-0.00044491375444282767,0.0009316055110002499,0.0503784067148706,0.048195920696018114,0.05256089273372309,0.12249999999999998,0.1731217525931493,0.17189443906273638,-0.0012273135304129157
Random Forest,max_depth,12,160,0.35,50,2.3773019170039333,0.0002334799183833084,0.001416782796963718,0.0011833028785804096,-0.0005353631172433869,0.0010023229540100037,0.05916514392902048,0.0567924419105335,0.06153784594750746,0.12249999999999998,0.18189862384740377,0.18063619610029782,-0.001262427747105943
MLP,hidden_width,2,160,0.35,50,4.462609083013376,0.24440452021193632,0.2467302272173823,0.0023257070054459963,0.18969669997482674,0.2991123404490459,0.11628535027229982,0.09820167286773343,0.1343690276768662,0.12249999999999998,0.4831898704842361,0.48346678853641467,0.00027691805217855414
MLP,hidden_width,4,160,0.35,50,4.699504082993371,0.08995019018899772,0.09071327922869356,0.000763089039695845,0.07584533976755282,0.10405504061044261,0.038154451984792254,0.02484848604673999,0.05146041792284452,0.12249999999999998,0.25060464217378997,0.24546234925754556,-0.005142292916244406
MLP,hidden_width,8,160,0.35,50,4.868823583004996,0.06321972264608264,0.06353510072648487,0.0003153780804022261,0.05539713879852704,0.07104230649363823,0.015768904020111305,0.010708380709278037,0.020829427330944575,0.12249999999999998,0.20148862666619394,0.19623141564510294,-0.005257211021091002
MLP,hidden_width,16,160,0.35,50,5.298420749983052,0.04236951016269559,0.042661764910931405,0.00029225474823581465,0.03402304149022486,0.05071597883516633,0.014612737411790732,0.01148439470135493,0.017741080122226537,0.12249999999999998,0.1794822475744863,0.1741446591430162,-0.005337588431470114
MLP,hidden_width,32,160,0.35,50,6.293741250003222,0.018649971545667807,0.01894820216664194,0.00029823062097413466,0.01252824196713136,0.024771701124204255,0.014911531048706734,0.011923608193805377,0.01789945390360809,0.12249999999999998,0.1560615025943745,0.15208849555734358,-0.0039730070370309345
MLP,hidden_width,64,160,0.35,50,7.789024875004543,0.00402557836039062,0.004217064003171854,0.0001914856427812332,0.0024806849531236854,0.005570471767657555,0.00957428213906166,0.00769010444379709,0.01145845983432623,0.12249999999999998,0.13609986049945227,0.13219769318355995,-0.0039021673158923242
MLP,hidden_width,128,160,0.35,50,10.572852457989939,0.001564366342836005,0.0017109579352447876,0.00014659159240878263,0.0010675427811332892,0.0020611899045387206,0.007329579620439131,0.006338689956117072,0.008320469284761189,0.12249999999999998,0.1313939459632751,0.12798113393382224,-0.003412812029452872
MLP,hidden_width,256,160,0.35,50,17.16812945800484,0.0014132652671546605,0.0015581614699558663,0.0001448962028012057,0.000881284356061494,0.001945246178247827,0.007244810140060285,0.006208306894764439,0.008281313385356131,0.12249999999999998,0.13115807540721494,0.12762042570916127,-0.0035376496980536742
