epoch,train_loss,train_rmse,val_rmse
1,0.5083227414978246,0.9577942417850653,0.9038682690296769
2,0.4810691675532518,0.9663987746098726,0.9216655260679747
3,0.46646354943437934,0.9493408661925706,0.9078551791086638
4,0.45391286996189545,0.9437750350031497,0.8902953889798578
5,0.45431853839089664,0.9418858154417298,0.8862003672508213
6,0.45143053317584586,0.935419335592688,0.8827861462711594
7,0.4463094524242835,0.9330375537935146,0.8836959056414344
8,0.4425751625807506,0.9287705344675113,0.8768757303335427
9,0.43828897182884347,0.9249056426161759,0.8702520049132662
10,0.43495339269595357,0.9205427228963763,0.8654285312414213
11,0.4309379090301294,0.915494078541088,0.8604559308368377
12,0.425993713460796,0.9098114621136187,0.8538296972557676
13,0.4201895557617362,0.90330296203656,0.8460210761177716
14,0.4137623093123926,0.8958492649184958,0.8373972285755149
15,0.4066914114375921,0.8872252067024723,0.8276614602949444
16,0.3985272185593332,0.877336567467171,0.8167088832821869
17,0.38912835896585457,0.866107727857893,0.8044531543773645
18,0.3786380196914747,0.8534462017792229,0.7908682810904183
19,0.36713657246421744,0.8393005243891215,0.7761144011886804
20,0.3545443169046318,0.8236904748046172,0.7603150671507738
21,0.3409084809002103,0.8066723160551869,0.7435949974931868
22,0.3264277468908111,0.7883308741851369,0.7261744922837085
23,0.3112761352909021,0.7688019823427628,0.708255884392806
24,0.295607584014032,0.7482618471612583,0.6900505586174689
25,0.2796369903567246,0.7269272234411465,0.671799049736552
26,0.26360812577982573,0.7050550383355004,0.653700598251476
27,0.24775472862934347,0.682921948321455,0.6359728759011297
28,0.2322976648961123,0.6608217409325992,0.6188416273985409
29,0.21744238225783924,0.6390562340287796,0.6024921830014015
30,0.20337227989215595,0.617908987711572,0.587110788570431
31,0.19023014679102948,0.5976401865801398,0.5728561157562647
32,0.17811429523293051,0.578475956259783,0.5598402976465893
33,0.16708701451331134,0.5605898839764755,0.548146000805845
34,0.1571680424024849,0.5441008909191218,0.5378031856335592
35,0.14833693509303802,0.5290702824848743,0.5287944124969225
36,0.14054476957940326,0.5155026318553372,0.5210617616014808
37,0.13371876035295138,0.503354790761265,0.514509300304217
38,0.12777026273481976,0.4925464137933395,0.5090188432515808
39,0.1226041531365866,0.4829725729289301,0.5044583655120105
40,0.1181248428773701,0.4745150651113603,0.5006953742127874
41,0.11424128601718618,0.46705298993518385,0.4976043167771139
42,0.11087039957047928,0.4604701826052754,0.4950717603101851
43,0.10793896580517166,0.45465966376721845,0.4930008185755738
44,0.10538387632432335,0.4495265041465068,0.49131029701970175
45,0.10315173779151988,0.44498814128292447,0.48993471902596236
46,0.10119799541679728,0.4409736651154179,0.488822271495867
47,0.0994854897972834,0.43742247497288966,0.48793237767823655
48,0.09798321503341705,0.4342825220546562,0.48723338516969417
49,0.09666508961823184,0.431508638830555,0.486700235011099
50,0.0955088744287445,0.4290611376828339,0.4863124850492562
51,0.09449535711111233,0.42690466489418905,0.48605269662392026
52,0.09360771427975201,0.4250073624694199,0.48590535432179655
53,0.09283104925203149,0.4233403202069523,0.4858560546725791
54,0.09215206621842582,0.42187719500932835,0.4858911367629253
55,0.09155885533800953,0.4205939724410532,0.4859975125171426
56,0.09104072663150817,0.4194688161678986,0.4861626708875769
57,0.09058809829709703,0.41848194620508394,0.48637477828943654
58,0.09019240478552229,0.417615536349998,0.48662280826789095
59,0.089846015694368,0.416853614499163,0.48689666410181004
60,0.08954216445028125,0.416181952826296,0.4871872757612798
61,0.0892748787278608,0.41558795357993067,0.4874866588381302
62,0.08903891324335471,0.41506052947859706,0.4877879307188314
63,0.0888296846094253,0.4145899799348858,0.48808529338783235
64,0.08864320897790723,0.4141678673062326,0.4883739832813299
65,0.08847604128128868,0.4137868954180322,0.4886501988004494
66,0.08832521849671893,0.41344079088829355,0.4889110114038742
67,0.08818820558291578,0.41312419030995884,0.48915426758535174
68,0.08806284515682342,0.4128325334002466,0.4893784870318912
69,0.08794731075836226,0.4125619630860021,0.48958276232718795
70,0.08784006386228149,0.41230923313427564,0.4897666630554586
71,0.08773981449860731,0.4120716235561819,0.48993014712635474
72,0.08764548567311653,0.41184686376275187,0.4900734805786099
73,0.08755618131613524,0.41163306367418606,0.49019716659150175
74,0.08747115776761302,0.4114286524537892,0.4903018838027825
75,0.08738979863966241,0.4112323246899965,0.49038843368860385
76,0.0873115928749818,0.4110429936860313,0.49045769642128656
77,0.08723611582267961,0.41085975140681863,0.49051059455658785
78,0.08716301311872561,0.41068183458747615,0.49054806375573434
79,0.08709198711820873,0.410508596466908,0.4905710297406849
80,0.08702278563714817,0.41033948352374383,0.4905803906768938
81,0.08695519273751344,0.41017401661431896,0.4905770042004228
82,0.08688902128566199,0.41001177589036136,0.4905616783464662
83,0.08682410702913784,0.40985238889646275,0.49053516569842703
84,0.08676030394140821,0.4096955212905618,0.49049816013388386
85,0.08669748060589733,0.40954086968035003,0.4904512956180285
86,0.08663551743566628,0.40938815612666746,0.4903951465644564
87,0.08657430454945245,0.40923712393718503,0.49033022935364723
88,0.08651374015329297,0.4090875344343372,0.490257004666261
89,0.08645372930444588,0.408939164446542,0.4901758803510739
90,0.08639418295823217,0.40879180432726336,0.49008721460260074
91,0.08633501722131318,0.4086452563544601,0.48999131927408585
92,0.08627615275374079,0.40849933340251343,0.48988846319383
93,0.08621751427721341,0.4083538578110363,0.48977887538958054
94,0.08615903015964714,0.408208660398037,0.48966274815567173
95,0.08610063205530341,0.40806357958357464,0.4895402399223391
96,0.08604225458674834,0.407918460602212,0.48941147790604883
97,0.08598383505995619,0.40777315479158993,0.48927656053524937
98,0.0859253132074324,0.40762751895021654,0.48913555965759115
99,0.08586663095660059,0.4074814147616047,0.48898852254369796
100,0.08580773222248297,0.40733470828427154,0.48883547370906105
101,0.08574856272474621,0.4071872695090459,0.4886764165804833
102,0.08568906983006819,0.4070389719862249,0.48851133503692196
103,0.08562920242132932,0.40688969252624185,0.48834019485720626
104,0.08556891079563438,0.4067393109783379,0.4881629451091105
105,0.08550814659354546,0.4065877100926476,0.48797951951612756
106,0.08544686276229614,0.40643477547193047,0.48778983784007895
107,0.0853850135560628,0.40628039562006507,0.48759380731971813
108,0.08532255457669384,0.40612446209516856,0.4873913242076701
109,0.08525944285852677,0.4059668697758812,0.48718227545047255
110,0.08519563700110182,0.4058075172497288,0.4869665405588868
111,0.08513109735359754,0.4056463073324965,0.4867439937178152
112,0.0850657862546542,0.40548314772696276,0.4865145061865771
113,0.08499966833078978,0.4053179518279765,0.48627794904039
114,0.08493271085579085,0.4051506396784233,0.48603419630184386
115,0.08486488417213665,0.4049811390768753,0.48578312850602445
116,0.08479616217360332,0.404809386832351,0.48552463673362517
117,0.08472652284557175,0.40463533015442227,0.4852586271317714
118,0.08465594885616533,0.4044589281577326,0.4849850259212673
119,0.08458442818713342,0.404280153448858,0.4847037848607217
120,0.08451195478843368,0.4040989937505801,0.48441488710209146
121,0.08443852923490487,0.40391545350461,0.4841183533289154
122,0.0843641593575699,0.40372955537949995,0.4838142480191844
123,0.08428886081642471,0.4035413415972562,0.4835026856219686
124,0.08421265757668346,0.4033508749817009,0.48318383638457363
125,0.08413558224712582,0.4031582396259312,0.48285793152049034
126,0.08405767623827494,0.4029635410773304,0.4825252673742694
127,0.08397898970043283,0.402766905948354,0.48218620822470437
128,0.0838995812077614,0.4025684808809518,0.48184118737904236
129,0.08381951716493226,0.40236843082225576,0.48149070625341556
130,0.08373887092720304,0.4021669366079441,0.4811353312106211
131,0.08365772164235336,0.40196419189492677,0.4807756880341117
132,0.08357615284235141,0.4017603995326859,0.4804124540504894
133,0.08349425083204852,0.4015557675077734,0.48004634806136637
134,0.08341210293943582,0.4013505046332912,0.4796781183952198
135,0.08332979570491197,0.4011448161798281,0.47930852952522046
136,0.08324741309384867,0.4009388996528648,0.478938347805008
137,0.08316503481646823,0.40073294091261574,0.47856832693908513
138,0.08308273483154696,0.40052711080656045,0.4781991938209425
139,0.08300058009657514,0.4003215624455945,0.47783163533923484
140,0.08291862960840926,0.4001164292065573,0.47746628667534435
141,0.08283693375734025,0.39991182349245535,0.47710372150447383
142,0.08275553399623731,0.3997078362325099,0.47674444438007274
143,0.08267446280716528,0.3995045370618646,0.47638888544199703
144,0.08259374393226997,0.3993019750885907,0.4760373974553305
145,0.0825133928247781,0.39910018013507487,0.4756902550696906
146,0.08243341726996092,0.3988991643319215,0.4753476560951011
147,0.08235381812455903,0.3986989239438317,0.475009724523499
148,0.08227459012570097,0.3984994413163956,0.4746765149848057
149,0.08219572272576703,0.39830068684782044,0.47434801831086915
150,0.0821172009168717,0.39810262090781523,0.47402416788549145
151,0.0820390060166664,0.39790519564497656,0.473704846479458
152,0.08196111639516504,0.39770835664233695,0.4733898933011352
153,0.08188350812966064,0.3975120443970704,0.4730791110313898
154,0.08180615558113831,0.39731619561400905,0.4727722726525851
155,0.08172903189071078,0.3971207443133506,0.47246912792229656
156,0.08165210939847044,0.3969256227607942,0.47216940938108115
157,0.08157535998985287,0.39673076223361076,0.4718728378187027
158,0.08149875537628758,0.396536093639232,0.4715791271538927
159,0.08142226731776246,0.39634154800428206,0.47128798870864275
160,0.08134586779513812,0.39614705685201523,0.4709991348792023
161,0.08126952913980115,0.3959525524852515,0.4707122822226129
162,0.08119322412769255,0.39575796819047343,0.470427153990143
163,0.0811169260440237,0.3955632383769983,0.4701434821478545
164,0.08104060872418846,0.39536829866330103,0.4698610089302559
165,0.08096424657557462,0.3951730859207492,0.46957948797608
166,0.08088781458421258,0.3949775382833275,0.4692986850961611
167,0.08081128830950764,0.39478159513042516,0.46901837872264057
168,0.08073464386969645,0.39458519704845063,0.46873836008670744
169,0.0806578579201527,0.3943882857759385,0.46845843316913743
170,0.0805809076262397,0.3941908041359022,0.46817841446435327
171,0.08050377063206089,0.3939926959584507,0.46789813259483337
172,0.0804264250261832,0.39379390599610614,0.4676174278086551
173,0.08034884930519352,0.39359437983380086,0.46733615138894713
174,0.08027102233578493,0.39339406379519515,0.4670541650001476
175,0.08019292331594725,0.39319290484669017,0.46677133999232706
176,0.08011453173574813,0.392990850500332,0.4664875566814788
177,0.08003582733812897,0.39278784871666905,0.4662027036206582
178,0.07995679008009919,0.39258384780854005,0.4659166768741609
179,0.07987740009468709,0.3923787963467208,0.46562937930458487
180,0.07979763765399246,0.3921726430683308,0.4653407198806026
181,0.07971748313368204,0.3919653367888981,0.4650506130115618
182,0.0796369169792714,0.39175682631898884,0.4647589779136058
183,0.07955591967454355,0.39154706038632936,0.4644657380108406
184,0.07947447171246345,0.39133598756437366,0.4641708203741329
185,0.07939255356895976,0.3911235562083002,0.4638741551993839
186,0.07931014567995467,0.3909097143994495,0.4635756753265461
187,0.0792272284220343,0.39069440989924514,0.46327531580022374
188,0.07914378209715948,0.3904775901136601,0.46297301347237674
189,0.07905978692182304,0.39025920206931064,0.46266870664742665
190,0.07897522302106162,0.3900391924022619,0.46236233476991107
191,0.07889007042772801,0.3898175073606301,0.46205383815472906
192,0.07880430908742263,0.3895940928220428,0.4617431577599598
193,0.07871791886946954,0.38936889432698907,0.46143023500218894
194,0.07863087958430266,0.38914185712903576,0.461115011614242
195,0.07854317100760129,0.38891292626281854,0.46079742954518377
196,0.07845477291147852,0.38868204663062234,0.46047743090239385
197,0.07836566510298448,0.388449163108251,0.46015495793545047
198,0.0782758274701334,0.3882142206707519,0.45982995306146307
199,0.07818524003560492,0.3879771645383948,0.45950235893135405
200,0.07809388301819953,0.3877379403431261,0.4591721185364283
201,0.07800173690205131,0.38749649431550537,0.45883917535435664
202,0.07790878251351527,0.3872527734919062,0.4585034735334541
203,0.07781500110555215,0.38700672594150987,0.4581649581138392
204,0.07772037444933436,0.38675830101235487,0.4578235752837365
205,0.07762488493268964,0.3865074495954211,0.45747927266881555
206,0.07752851566488946,0.38625412440543655,0.4571319996520645
207,0.0774312505871759,0.385998280276794,0.45678170772128046
208,0.07733307458830731,0.3857398744726672,0.4564283508408197
209,0.07723397362429078,0.3854788670051212,0.45607188584382263
210,0.07713393484136134,0.3852152209637294,0.455712272840696
211,0.07703294670116481,0.384948902849945,0.455349475639235
212,0.07693099910700926,0.3846798829142345,0.45498346217140284
213,0.07682808352996608,0.38440813549277286,0.45461420492147053
214,0.07672419313353408,0.3841336393403255,0.45424168134997694
215,0.07661932289552742,0.3838563779558166,0.45386587430779707
216,0.0765134697258126,0.3835763398969988,0.4534867724345313
217,0.07640663257850543,0.3832935190806103,0.4531043705354477
218,0.07629881255724386,0.3830079150644302,0.4527186699313336
219,0.07619001301218027,0.3827195333077194,0.45232967877584146
220,0.0760802396273856,0.38242838540667606,0.45193741233525403
221,0.075969500497429,0.38213448930171867,0.45154189322602656
222,0.0758578061919887,0.38183786945365883,0.451143151605999
223,0.0757451698074609,0.3815385569861148,0.4507412253157894
224,0.07563160700466333,0.38123658979185593,0.4503361599675645
225,0.0755171360318759,0.38093201260114185,0.44992800897913054
226,0.07540177773261912,0.3806248770105286,0.4495168335520774
227,0.07528555553773983,0.3803152414710462,0.4491027025935098
228,0.07516849544155114,0.3800031712351021,0.44868569258172075
229,0.07505062596195361,0.3796887382619228,0.4482658873769543
230,0.07493197808464709,0.3793720210818083,0.44784337797917634
231,0.07481258519172251,0.37905310461992764,0.44741826223548437
232,0.07469248297509772,0.37873207998082487,0.44699064450044285
233,0.07457170933542925,0.37840904419522686,0.4465606352532044
234,0.0744503042672878,0.3780840999311379,0.4461283506757627
235,0.07432830973152975,0.377757355171566,0.44569391219707455
236,0.07420576951592632,0.3774289228615565,0.44525744600807604
237,0.07408272908522542,0.3770989205274858,0.44481908255280855
238,0.07395923542191518,0.3767674698718149,0.4443789560009523
239,0.07383533685903751,0.3764346963466926,0.44393720370706313
240,0.07371108290645562,0.37610072870994693,0.44349396566170307
241,0.07358652407202002,0.3757656985671057,0.44304938393948456
242,0.07346171167909576,0.3754297399031357,0.4426036021487963
243,0.07333669768191645,0.37509298860760076,0.4421567648876797
244,0.073211534480212,0.37475558199690157,0.44170901720997435
245,0.07308627473452589,0.3744176583371819,0.44126050410547296
246,0.07296097118358685,0.3740793563713721,0.4408113699974224
247,0.07283567646503843,0.3737408148536889,0.4403617582603077
248,0.07271044294075368,0.37340217209473214,0.439911810760437
249,0.07258532252787701,0.3730635655201107,0.43946166742146187
250,0.07246036653663915,0.3727251312453031,0.43901146581658135
251,0.07233562551589089,0.3723870036692114,0.4385613407888281
252,0.07221114910719248,0.3720493150886079,0.43811142410050946
253,0.07208698590818627,0.371712195335407,0.43766184411258174
254,0.07196318334586763,0.3713757714384213,0.43721272549448026
255,0.07183978756025708,0.3710401673109901,0.436764188964691
256,0.07171684329886635,0.37070550346559406,0.43631635106216937
257,0.07159439382224303,0.37037189675631177,0.43586932394853406
258,0.07147248082077559,0.3700394601497116,0.4354232152408416
259,0.0713511443428416,0.369708302524535,0.43497812787463075
260,0.07123042273428955,0.36937852850029,0.4345341599968442
261,0.07111035258915899,0.36905023829466244,0.4340914048881635
262,0.07099096871146389,0.36872352760944577,0.43364995091424524
263,0.07087230408779233,0.36839848754450877,0.4332098815052999
264,0.07075438987041038,0.36807520453914655,0.43277127516342184
265,0.07063725537049961,0.36775376034000745,0.4323342054970459
266,0.07052092806110585,0.367434231994645,0.43189874128186984
267,0.07040543358933116,0.3671166918696182,0.4314649465475472
268,0.07029079579726054,0.3668012076919463,0.4310328806893997
269,0.07017703675108004,0.36648784261261674,0.43060259860434563
270,0.07006417677781075,0.36617665529075216,0.4301741508501582
271,0.06995223450905712,0.3658676999969471,0.4297475838270795
272,0.06984122693114203,0.36556102673420654,0.42932293998069626
273,0.06973116944098026,0.36525668137483697,0.42890025802485404
274,0.0696220759070209,0.3649547058115666,0.4284795731832229
275,0.0695139587345721,0.3646551381211033,0.4280609174479533
276,0.06940682893480414,0.3643580127382709,0.42764431985365303
277,0.06930069619671271,0.3640633606388059,0.4272298067647049
278,0.06919556896131172,0.3637712095288419,0.4268174021737018
279,0.06909145449731481,0.36348158403906494,0.42640712800853625
280,0.06898835897755927,0.36319450592148983,0.4259990044454326
281,0.06888628755542314,0.36290999424678905,0.4255930502249618
282,0.06878524444049147,0.36262806560010463,0.4251892829678522
283,0.06868523297273749,0.3623487342732972,0.4247877194871972
284,0.06858625569450412,0.36207201245163373,0.4243883760934893
285,0.06848831441960006,0.36179791039299186,0.42399126888877825
286,0.06839141029886346,0.3615264365977716,0.4235964140461845
287,0.06829554388159838,0.36125759796784923,0.42320382807098916
288,0.068200715172352,0.36099139995309,0.42281352803960615
289,0.06810692368257716,0.3607278466841569,0.422425531812897
290,0.06801416847681266,0.3604669410906013,0.422039858220549
291,0.06792244821311381,0.36020868500350933,0.4216565272135876
292,0.06783176117757408,0.3599530792422862,0.4212755599825391
293,0.06774210531289566,0.3597001236854847,0.42089697903929757
294,0.06765347824108708,0.3594498173259293,0.42052080826136684
295,0.06756587728048787,0.35920215831071756,0.4201470728978329
296,0.06747929945743915,0.3589571439670104,0.4197757995371567
297,0.06739374151303044,0.3587147708148262,0.41940701603764013
298,0.0673091999054542,0.35847503456832175,0.41904075142218417
299,0.06722567080858502,0.35823793012726934,0.4186770357397081
300,0.06714315010746857,0.35800345156061414,0.41831589989628865
301,0.06706163339145141,0.35777159208410564,0.4179573754597138
302,0.0669811159457066,0.3575423440340524,0.41760149444166633
303,0.06690159274191086,0.3573156988392284,0.417248289062173
304,0.06682305842880394,0.35709164699288837,0.41689779150123735
305,0.06674550732331781,0.3568701780267071,0.4165500336427219
306,0.06666893340289495,0.3566512804882749,0.41620504681554954
307,0.06659333029953585,0.3564349419235471,0.415862861537163
308,0.06651869129601881,0.35622114886538964,0.41552350726391607
309,0.06644500932463382,0.3560098868290764,0.41518701215269604
310,0.06637227696866294,0.35580114031531085,0.4148534028375999
311,0.0663004864667354,0.355594892821058,0.41452270422494375
312,0.06622962972008098,0.3553911268582058,0.4141949393092776
313,0.0661596983026126,0.3551898239798268,0.4138701290124566
314,0.06609068347368528,0.3549909648136004,0.4135482920471833
315,0.06602257619330884,0.35479452910177584,0.4132294448058183
316,0.06595536713953545,0.3546004957469145,0.4129136012746788
317,0.06588904672770342,0.35440884286255525,0.4126007729735068
318,0.06582360513119219,0.35421954782788045,0.4122909689193209
319,0.0657590323033315,0.35403258734543797,0.4119841956134659
320,0.06569531800010851,0.3538479375009823,0.41168045705033823
321,0.06563245180332879,0.3536655738245304,0.41137975474601757
322,0.0655704231439067,0.3534854713517886,0.4110820877848494
323,0.06550922132498953,0.3533076046851798,0.41078745288190605
324,0.06544883554465127,0.35313194805378856,0.410495844459205
325,0.06538925491792844,0.3529584753716356,0.41020725473356034
326,0.06533046849800749,0.35278716029379,0.4099216738139914
327,0.06527246529640968,0.3526179762699261,0.40963908980670294
328,0.06521523430205622,0.3524508965950226,0.4093594889257586
329,0.06515876449912922,0.352285894456989,0.4090828556077155
330,0.06510304488367501,0.3521229429810852,0.4088091726286389
331,0.06504806447892392,0.3519620152710669,0.40853842122207273
332,0.06499381234932408,0.3518030844470528,0.4082705811967197
333,0.06494027761330655,0.3516461236801603,0.40800563105273563
334,0.06488744945481652,0.351491106223996,0.40774354809571356
335,0.06483531713365709,0.3513380054431244,0.4074843085475815
336,0.0647838699947035,0.3511867948386587,0.4072278876537781
337,0.06473309747605087,0.35103744807113885,0.40697425978620844
338,0.06468298911616552,0.35088993898087,0.40672339854159456
339,0.06463353456010971,0.35074424160590545,0.406475276834949
340,0.06458472356491327,0.35060033019785297,0.4062298669879891
341,0.06453654600416159,0.3504581792356872,0.4059871408123961
342,0.06448899187187089,0.3503177634377417,0.4057470696878919
343,0.06444205128571615,0.35017905777204916,0.4055096246351667
344,0.06439571448967521,0.35004203746518725,0.4052747763837433
345,0.06434997185614835,0.3499066780097808,0.40504249543490023
346,0.06430481388760857,0.3497729551707958,0.40481275211981194
347,0.06426023121783285,0.3496408449907551,0.40458551665309095
348,0.06421621461276218,0.3495103237939897,0.4043607591819287
349,0.0641727549710322,0.3493813681900342,0.40413844983105535
350,0.06412984332421283,0.3492539550762591,0.40391855874373694
351,0.06408747083679267,0.3491280616398288,0.40370105611904195
352,0.06404562880593835,0.34900366535906063,0.4034859122456016
353,0.06400430866105751,0.34888074400425473,0.40327309753209417
354,0.06396350196318994,0.3487592756380553,0.40306258253467286
355,0.06392320040424918,0.34863923861539836,0.40285433798155534
356,0.06388339580613431,0.3485206115830935,0.402648334794984
357,0.06384408011972877,0.348403373479082,0.4024445441107551
358,0.06380524542380228,0.3482875035314095,0.40224293729551047
359,0.06376688392382869,0.3481729812569453,0.40204348596197104
360,0.063728987950732,0.3480597864598779,0.40184616198228434
361,0.06369154995957063,0.3479478992300124,0.40165093749964575
362,0.06365456252816973,0.34783729994089185,0.40145778493834516
363,0.06361801835570886,0.3477279692477633,0.40126667701237695
364,0.06358191026127258,0.3476198880854048,0.40107758673274946
365,0.06354623118237007,0.34751303766583047,0.4008904874136059
366,0.06351097417342921,0.3474073994758863,0.4007053526772794
367,0.06347613240427004,0.34730295527474897,0.4005221564583754
368,0.06344169915856154,0.3471996870913402,0.4003408730069842
369,0.0634076678322663,0.3470975772216633,0.4001614768911045
370,0.06337403193207507,0.3469966082260747,0.3999839429983622
371,0.06334078507383568,0.34689676292649485,0.3998082465370949
372,0.06330792098097776,0.3467980244035682,0.3996343630368689
373,0.06327543348293602,0.3467003759937774,0.39946226834848825
374,0.06324331651357451,0.3466038012865179,0.39929193864355383
375,0.06321156410961307,0.3465082841211393,0.39912335041361674
376,0.0631801704090581,0.3464138085839574,0.3989564804689769
377,0.06314912964963919,0.3463203590052421,0.3987913059371627
378,0.0631184361672525,0.3462279199561855,0.3986278042611314
379,0.0630880843944127,0.3461364762458543,0.39846595319722206
380,0.0630580688587141,0.3460460129181294,0.39830573081288995
381,0.06302838418130213,0.34595651524863746,0.3981471154842517
382,0.06299902507535646,0.3458679687416766,0.3979900858934621
383,0.06296998634458552,0.34578035912713945,0.39783462102594586
384,0.06294126288173452,0.34569367235743736,0.39768070016750373
385,0.06291284966710661,0.3456078946044265,0.3975283029013083
386,0.06288474176709806,0.34552301225634,0.3973774091048075
387,0.06285693433274839,0.34543901191472853,0.3972279989465474
388,0.06282942259830517,0.3453558803914093,0.3970800528829272
389,0.06280220187980491,0.3452736047054284,0.39693355165489763
390,0.06277526757366923,0.34519217208003683,0.39678847628461317
391,0.06274861515531803,0.34511156993968145,0.39664480807204433
392,0.06272224017779866,0.34503178590701433,0.39650252859156093
393,0.06269613827043231,0.3449528077999198,0.39636161968849093
394,0.06267030513747739,0.34487462362856336,0.3962220634756618
395,0.06264473655681005,0.34479722159246035,0.3960838423299303
396,0.06261942837862261,0.34472059007756944,0.3959469388887055
397,0.06259437652413906,0.3446447176534083,0.39581133604646773
398,0.06256957698434866,0.34456959307019597,0.3956770169512907
399,0.06254502581875723,0.34449520525602,0.3955439650013674
400,0.06252071915415633,0.34442154331403124,0.39541216384154404
401,0.06249665318341043,0.3443485965196662,0.3952815973598656
402,0.06247282416426192,0.3442763543178974,0.39515224968413404
403,0.06244922841815416,0.3442048063205133,0.39502410517848263
404,0.06242586232907249,0.3441339423034281,0.3948971484399684
405,0.06240272234240307,0.3440637522040207,0.3947713642951845
406,0.062379804963809675,0.34399422611850583,0.3946467377968939
407,0.062357106758128236,0.3439253542993347,0.3945232542206867
408,0.062334624348279126,0.3438571271526284,0.3944008990616618
409,0.06231235441419702,0.3437895352356422,0.39427965803113546
410,0.06229029369177856,0.3437225692542618,0.39415951705337665
411,0.06226843897184696,0.34365622006053237,0.3940404622623715
412,0.06224678709913444,0.34359047865021947,0.3939224799986167
413,0.062225334971281465,0.3435253361604023,0.3938055568059455
414,0.062204079537853126,0.34346078386710005,0.39368967942838323
415,0.062183017799372645,0.34339681318292997,0.3935748348070376
416,0.062162146806371034,0.34333341565479897,0.39346101007702167
417,0.062141463658453924,0.3432705829616269,0.3933481925644114
418,0.062120965503384466,0.343208306912103,0.3932363697832385
419,0.06210064953618243,0.34314657944247456,0.39312552943252055
420,0.06208051299823953,0.3430853926143676,0.39301565939332567
421,0.06206055317645025,0.34302473861263993,0.39290674772587725
422,0.06204076740235882,0.34296460974326654,0.3927987826666958
423,0.06202115305132108,0.3429049984312562,0.3926917526257798
424,0.06200170754168198,0.3428458972186,0.3925856461838266
425,0.061982428333968,0.34278729876225134,0.3924804520894929
426,0.0619633129300942,0.34272919583213673,0.3923761592566979
427,0.06194435887258615,0.3426715813091978,0.3922727567619658
428,0.0619255637438161,0.3426144481834633,0.39217023384181254
429,0.06190692516525321,0.3425577895521521,0.39206857989017324
430,0.06188844079672776,0.34250159861780516,0.3919677844558754
431,0.0618701083357091,0.34244586868644794,0.39186783724015406
432,0.06185192551659687,0.3423905931657809,0.3917687280942123
433,0.061833890110025415,0.34233576556339984,0.3916704470168276
434,0.06181599992218121,0.3422813794850433,0.39157298415200165
435,0.061798252794132744,0.3422274286328691,0.39147632978665914
436,0.06178064660117307,0.342173906803757,0.39138047434839146
437,0.06176317925217396,0.3421208078876389,0.3912854084032483
438,0.06174584868895246,0.3420681258658554,0.39119112265357797
439,0.0617286528856484,0.34201585480953745,0.3910976079359144
440,0.061711589848113514,0.3419639888780137,0.39100485521891565
441,0.061694657613311187,0.3419125223172422,0.3909128556013505
442,0.06167785424872681,0.3418614494582661,0.3908216003101362
443,0.06166117785178857,0.3418107647156915,0.3907310806984269
444,0.06164462654929775,0.3417604625861896,0.39064128824375405
445,0.06162819849686886,0.3417105376470183,0.3905522145462199
446,0.06161189187837865,0.3416609845545661,0.39046385132674305
447,0.0615957049054242,0.34161179804291514,0.39037619042535915
448,0.061579635816788804,0.3415629729224233,0.39028922379957603
449,0.061563682877916345,0.3415145040783246,0.39020294352278506
450,0.06154784438039269,0.34146638646934596,0.3901173417827291
451,0.061532118641434264,0.34141861512634014,0.39003241088002893
452,0.06151650400338314,0.3413711851509329,0.3899481432267682
453,0.061500998833207886,0.34132409171418404,0.38986453134513993
454,0.06148560152201013,0.34127733005525973,0.38978156786615287
455,0.06147031048453575,0.34123089548011604,0.3896992455284045
456,0.06145512415869046,0.3411847833601908,0.38961755717691515
457,0.061440041005058815,0.3411389891311038,0.38953649576203253
458,0.06142505950642647,0.34109350829136126,0.38945605433840313
459,0.06141017816730414,0.3410483364010656,0.3893762260640152
460,0.06139539551345365,0.3410034690806254,0.3892970041993151
461,0.06138071009141401,0.3409589020094666,0.38921838210640075
462,0.06136612046802757,0.34091463092473984,0.3891403532482926
463,0.06135162522996505,0.3408706516200229,0.38906291118828795
464,0.061337222983248126,0.3408269599440161,0.38898604958940114
465,0.061322912352769314,0.3407835517992259,0.3889097622138929
466,0.061308691981806857,0.3407404231406363,0.3888340429228933
467,0.06129456053153484,0.3406975699743616,0.3887588856761248
468,0.06128051668052573,0.34065498835628055,0.38868428453172676
469,0.06126655912424516,0.34061267439064447,0.3886102336461912
470,0.06125268657453694,0.3405706242286584,0.38853672727441313
471,0.06123889775909641,0.3405288340670285,0.38846375976986297
472,0.061225191420931066,0.3404873001464723,0.388391325584889
473,0.06121156631780608,0.34044601875018593,0.3883194192711569
474,0.061198021221672665,0.3404049862022631,0.38824803548023684
475,0.061184554918077616,0.34036419886606,0.38817716896434623
476,0.06117116620555106,0.34032365314249835,0.38810681457725826
477,0.06115785389497019,0.34028334546830147,0.3880369672753917
478,0.06114461680889629,0.34024327231415413,0.3879676221190887
479,0.06113145378088177,0.3402034301827791,0.38789877427409947
480,0.061118363654744365,0.34016381560691983,0.38783041901328696
481,0.061105345283804686,0.3401244251472221,0.3877625517185665
482,0.06109239753008369,0.3400852553900016,0.3876951678831016
483,0.061079519263455735,0.3400463029448886,0.3876282631137731
484,0.06106670936075297,0.34000756444233504,0.3875618331339426
485,0.0610539667048164,0.3399690365309736,0.3874958737865353
486,0.06104129018348834,0.33993071587481266,0.3874303810374654
487,0.06102867868854097,0.3398925991502529,0.38736535097943253
488,0.06101613111453503,0.3398546830429089,0.38730077983611794
489,0.06100364635760218,0.33981696424421864,0.38723666396681294
490,0.06099122331414444,0.3397794394478224,0.3871729998715136
491,0.06097886087944326,0.33974210534568905,0.3871097841965196
492,0.060966557946170535,0.33970495862397254,0.3870470137405787
493,0.06095431340279339,0.33966799595857106,0.3869846854616166
494,0.06094212613186348,0.339631214010369,0.38692279648410377
495,0.060929995008182296,0.3395946094201345,0.38686134410710593
496,0.06091791889683181,0.339558178803046,0.3868003258130731
497,0.06090589665106094,0.3395219187428215,0.38673973927742483
498,0.0608939271100165,0.33948582578542036,0.3866795823789926
499,0.060882009096308094,0.3394498964322902,0.3866198532113827
500,0.060870141413395196,0.3394141271331263,0.3865605500953323
501,0.06085832284278509,0.33937851427811727,0.38650167159212484
502,0.060846552141030186,0.3393430541896434,0.3864432165181454
503,0.06083482803651304,0.3393077431134019,0.3863851839606523
504,0.06082314922600832,0.33927257720893156,0.3863275732948459
505,0.06081151437101191,0.3392375525395112,0.3862703842023175
506,0.06079992209382706,0.33920266506141433,0.3862136166909628
507,0.060788370973401264,0.33916791061250184,0.38615727111644216
508,0.060776859540907925,0.3391332849001489,0.3861013482052693
509,0.06076538627507036,0.3390987834885026,0.3860458490796058
510,0.06075394959722981,0.339064401785088,0.38599077528383213
511,0.06074254786616337,0.33903013502678614,0.38593612881295564
512,0.060731179372663424,0.33899597826523203,0.38588191214290357
513,0.060719842333898356,0.3389619263516985,0.38582812826272966
514,0.06070853488758182,0.338927973921559,0.38577478070873833
515,0.060697255085990005,0.338894115378457,0.38572187360050153
516,0.06068600088987749,0.3388603448783409,0.38566941167870006
517,0.060674770162358886,0.33882665631357434,0.3856174003446762
518,0.060663560662840135,0.33879304329737636,0.38556584570151814
519,0.060652370041104076,0.338759499148909,0.385514754596427
520,0.06064119583167871,0.3387260168793942,0.3854641346640214
521,0.06063003544864339,0.3386925891797157,0.3854139943701279
522,0.06061888618105807,0.33865920841004865,0.38536434305547507
523,0.06060774518923392,0.338625866592144,0.38531519097855166
524,0.06059660950210089,0.3385925554049955,0.3852665493567126
525,0.06058547601596529,0.3385592661847173,0.3852184304044034
526,0.06057434149499229,0.33852598992956084,0.38517084736713203
527,0.06056320257378844,0.3384927173110996,0.3851238145495462
528,0.060552055762500015,0.3384594386927031,0.38507734733566173
529,0.06054089745487874,0.338426144156494,0.3850314621989538
530,0.06052972393979758,0.33839282354003386,0.38498617669964674
531,0.06051853141671872,0.3383594664839979,0.38494150946615424
532,0.060507316015621836,0.33832606249206404,0.3848974801572132
533,0.060496073821887146,0.33829260100414144,0.3848541094008534
534,0.06048480090658731,0.3382590714838864,0.38481141870597235
535,0.06047349336257091,0.3382254635211771,0.38476943034195543
536,0.06046214734660948,0.3381917669498268,0.3847281671815479
537,0.06045075912772355,0.3381579719803027,0.38468765250208853
538,0.06043932514159731,0.3381240693465609,0.3846479097402986
539,0.06042784205073023,0.33809005046532203,0.38460896219616664
540,0.060416306809657434,0.3380559076051889,0.3845708326821367
541,0.060404716734206665,0.33802163406198676,0.38453354311486226
542,0.06039306957334671,0.3379872243356148,0.3844971140483204
543,0.06038136358175112,0.3379526743025991,0.38446156414912347
544,0.060369597590760826,0.33791798137751744,0.3844269096174744
545,0.060357771075020744,0.337883144655611,0.3843931635603804
546,0.06034588421172316,0.33784816502833703,0.3843603353274226
547,0.06033393792915959,0.33781304526345246,0.3843284298234714
548,0.06032193394120866,0.3377777900415854,0.3842974468170539
549,0.060309874764516984,0.33774240594222527,0.3842673802673653
550,0.060297763715494994,0.3377069013737138,0.38423821769681343
551,0.06028560488487568,0.33767128644414346,0.3842099396391288
552,0.06027340308846946,0.33763557277298906,0.38418251919496155
553,0.06026116379386414,0.3375997732466785,0.3841559217271511
554,0.0602488930241121,0.3375639017248968,0.384130104726041
555,0.06023659724082725,0.33752797270794455,0.38410501787112317
556,0.060224283210475446,0.33749200097856935,0.384080603308779
557,0.060211957858855386,0.33745600123405745,0.3840567961571412
558,0.060199628119712495,0.33741998772567455,0.38403352523846784
559,0.06018730078399264,0.3373839739226162,0.384010714027583
560,0.06017498235635316,0.33734797221634905,0.3839882817927409
561,0.06016267892517058,0.33731199367868875,0.3839661448936896
562,0.06015039605144162,0.3372760478833664,0.38394421819179375
563,0.060138138680736634,0.33724014279652875,0.38392241651972275
564,0.06012591108085301,0.33720428473701697,0.38390065615414914
565,0.06011371680617276,0.33716847840282504,0.38387885623453777
566,0.060101558688111595,0.33713272695625957,0.383856940074488
567,0.06008943884959899,0.33709703215734227,0.3838348363188801
568,0.06007735874036671,0.33706139453310613,0.38381247990964584
569,0.060065319189018626,0.3370258135697083,0.38378981283443026
570,0.06005332046744041,0.3369902879146359,0.38376678464471947
571,0.06004136236306118,0.33695481557754875,0.3837433527421844
572,0.06002944425475361,0.3369193941202167,0.38371948244309667
573,0.060017565188675265,0.3368840208283124,0.3836951468400273
574,0.060005723951024964,0.33684869286022867,0.3836703264871532
575,0.05999391913542964,0.3368134073703784,0.38364500894018433
576,0.0599821492034131,0.33677816160644064,0.3836191881841975
577,0.05997041253707298,0.3367429529816254,0.3835928639827724
578,0.059958707483665705,0.3367077791242047,0.38356604118011195
579,0.05994703239225375,0.3366726379073069,0.38353872898475133
580,0.05993538564290203,0.3366375274623363,0.3835109402594647
581,0.05992376566912648,0.33660244617943924,0.38348269083749087
582,0.05991217097441853,0.3365673926982589,0.3834539988806084
583,0.05990060014370848,0.3365323658918849,0.38342488429016547
584,0.05988905185061416,0.336497364846484,0.38339536817814235
585,0.05987752486126495,0.33646238883864027,0.38336547240182667
586,0.059866018035409675,0.3364274373119843,0.38333521916276814
587,0.05985453032542742,0.33639250985428426,0.3833046306683778
588,0.05984306077376596,0.33635760617580995,0.3832737288528122
589,0.059831608509244856,0.33632272608948904,0.383242535152581
590,0.05982017274257917,0.3362878694931344,0.38321107033156393
591,0.059808752761408755,0.3362530363538458,0.3831793543497514
592,0.059797347925057996,0.3362182266945591,0.38314740626994603
593,0.059785957659199085,0.33618344058262706,0.38311524419681264
594,0.059774581450551416,0.33614867812026333,0.3830828852429808
595,0.05976321884171415,0.3361139394366517,0.38305034551732225
596,0.05975186942620299,0.33607922468151175,0.38301764013101597
597,0.05974053284373967,0.33604453401991824,0.3829847832175264
598,0.059729208775825375,0.33600986762817975,0.3829517879631318
599,0.05971789694161713,0.3359752256906024,0.3829186666451444
600,0.05970659709411363,0.3359406083969823,0.38288543067541536
601,0.059695309016650926,0.3359060159406911,0.382852090647154
602,0.05968403251970157,0.33587144851723927,0.3828186563834598
603,0.05967276743796605,0.3358369063232177,0.382785136986299
604,0.05966151362774264,0.33580238955554037,0.3827515408849497
605,0.059650270964559764,0.3357678984109168,0.38271787588317197
606,0.05963903934105273,0.3357334330855052,0.38268414920457305
607,0.05962781866506738,0.33569899377469903,0.3826503675357977
608,0.05961660885797151,0.33566458067301713,0.3826165370673118
609,0.05960540985315663,0.3356301939740658,0.3825826635316542
610,0.059594221594712,0.3355958338705569,0.3825487522391159
611,0.059583044036254286,0.3355615005543625,0.38251480811086974
612,0.05957187713989709,0.3355271942165963,0.38248083570961905
613,0.05956072087534533,0.33549291504771184,0.3824468392678681
614,0.05954957521910088,0.33545866323761114,0.38241282271394156
615,0.05953844015376687,0.3354244389757597,0.38237878969588796
616,0.05952731566743924,0.3353902424513035,0.3823447436034165
617,0.05951620175317476,0.33535607385318705,0.38231068758801057
618,0.05950509840852706,0.3353219333702696,0.38227662458136374
619,0.05949400563514102,0.33528782119143985,0.38224255731227813
620,0.05948292343839955,0.33525373750572773,0.3822084883221555
621,0.059471851827114834,0.3352196825024132,0.38217441997920626
622,0.05946079081325922,0.33518565637113235,0.38214035449149114
623,0.05944974041172991,0.33515165930198015,0.38210629391890133
624,0.05943870064014351,0.3351176914856098,0.3820722401841741
625,0.059427671518656154,0.3350837531133303,0.38203819508303244
626,0.059416653069805925,0.33504984437719915,0.3820041602935295
627,0.0594056453183746,0.33501596547011403,0.3819701373846679
628,0.059394648291266144,0.3349821165859004,0.38193612782436115
629,0.05938366201739954,0.3349482979193962,0.38190213298679654
630,0.0593726865276143,0.33491450966653435,0.3818681541592499
631,0.05936172185458669,0.33488075202442136,0.38183419254840056
632,0.05935076803275535,0.33484702519141374,0.3818002492861913
633,0.0593398250982552,0.33481332936719016,0.38176632543526773
634,0.05932889308885795,0.33477966475282217,0.3817324219940362
635,0.05931797204391928,0.33474603155083943,0.38169853990136604
636,0.05930706200433057,0.33471242996529377,0.38166468004096993
637,0.05929616301247586,0.33467886020181825,0.38163084324548285
638,0.05928527511219199,0.33464532246768375,0.38159703030026665
639,0.05927439834873295,0.33461181697185155,0.3815632419469578
640,0.05926353276873635,0.3345783439250225,0.38152947888677924
641,0.05925267842019275,0.3345449035396824,0.3814957417836342
642,0.05924183535241727,0.33451149603014446,0.38146203126699574
643,0.059231003616022605,0.33447812161258694,0.3814283479346072
644,0.05922018326289403,0.33444478050508836,0.3813946923550093
645,0.05920937434616534,0.3344114729276582,0.3813610650699018
646,0.05919857692019608,0.33437819910226435,0.38132746659635425
647,0.059187791040549866,0.3343449592528574,0.38129389742887476
648,0.05917701676397288,0.33431175360538995,0.3812603580413468
649,0.05916625414837364,0.3342785823878344,0.3812268488888419
650,0.05915550325280292,0.33424544583019505,0.38119337040931783
651,0.05914476413743399,0.33421234416451917,0.38115992302520857
652,0.05913403686354326,0.3341792776249021,0.381126507144913
653,0.059123321493491234,0.3341462464474914,0.3810931231641903
654,0.059112618090703194,0.33411325087048593,0.3810597714674656
655,0.05910192671965051,0.3340802911341332,0.3810264524290534
656,0.05909124744583136,0.3340473674807219,0.38099316641430375
657,0.059080580335751885,0.3340144801545735,0.38095991378067373
658,0.059069925456906966,0.33398162940202897,0.3809266948787323
659,0.05905928287776104,0.33394881547143346,0.38089351005310024
660,0.059048652667728636,0.3339160386131184,0.38086035964332815
661,0.059038034897154874,0.33388329907938014,0.3808272439847197
662,0.05902742963729557,0.33385059712445647,0.3807941634091
663,0.05901683696029742,0.3338179330045004,0.3807611182455335
664,0.05900625693917761,0.3337853069775514,0.3807281088209946
665,0.05899568964780349,0.3337527193035038,0.380695135460994
666,0.058985135160871796,0.333720170244074,0.3806621984901609
667,0.058974593553887567,0.33368766006276396,0.3806292982327879
668,0.05896406490314317,0.33365518902482344,0.38059643501333584
669,0.058953549285696585,0.33362275739720976,0.3805636091569043
670,0.05894304677934972,0.3335903654485455,0.38053082098966823
671,0.05893255746262642,0.3335580134490746,0.38049807083928205
672,0.0589220814147501,0.3335257016706158,0.38046535903525464
673,0.05891161871562136,0.3334934303865153,0.3804326859092946
674,0.05890116944579504,0.3334611998715964,0.3804000517956294
675,0.0588907336864573,0.3334290104021087,0.38036745703129865
676,0.05888031151940231,0.333396862255675,0.38033490195642233
677,0.05886990302700881,0.3333647557112364,0.38030238691444695
678,0.05885950829221635,0.33333269104899704,0.38026991225236906
679,0.058849127398501386,0.33330066855036605,0.38023747832093807
680,0.05883876042985321,0.3332686884978993,0.3802050854748397
681,0.058828407470749584,0.3332367511752395,0.38017273407286006
682,0.058818068606132354,0.3332048568670543,0.3801404244780325
683,0.058807743921382674,0.33317300585897525,0.38010815705776635
684,0.058797433502296416,0.33314119843753337,0.38007593218396124
685,0.05878713743505905,0.3331094348900953,0.38004375023310377
686,0.05877685580622058,0.3330777155047982,0.38001161158635166
687,0.058766588702670625,0.33304604057048315,0.37997951662960294
688,0.058756336211612845,0.3330144103766289,0.3799474657535512
689,0.058746098420539815,0.3329828252132833,0.3799154593537298
690,0.05873587541720738,0.332951285370996,0.37988349783054237
691,0.05872566728960945,0.3329197911407486,0.37985158158928334
692,0.05871547412595217,0.33288834281388563,0.3798197110401458
693,0.05870529601462865,0.33285694068204447,0.37978788659822055
694,0.05869513304419314,0.33282558503708454,0.37975610868348436
695,0.058684985303335616,0.33279427617101714,0.37972437772077905
696,0.05867485288085617,0.3327630143759336,0.3796926941397809
697,0.0586647358656395,0.3327317999439342,0.3796610583749625
698,0.05865463434662935,0.3327006331670567,0.37962947086554555
699,0.058644548412803185,0.3326695143372039,0.3795979320554465
700,0.05863447815314673,0.33263844374607254,0.3795664423932144
701,0.05862442365662877,0.33260742168508073,0.37953500233196175
702,0.058614385012175925,0.33257644844529655,0.37950361232928875
703,0.05860436230864762,0.3325455243173655,0.379472272847201
704,0.05859435563481107,0.33251464959143945,0.37944098435202145
705,0.058584365079316664,0.3324838245571045,0.37940974731429616
706,0.05857439073067306,0.33245304950330984,0.3793785622086955
707,0.05856443267722301,0.33242232471829647,0.3793474295139087
708,0.05855449100711883,0.3323916504895267,0.37931634971253547
709,0.05854456580829839,0.3323610271036129,0.37928532329097114
710,0.0585346571684614,0.3323304548462485,0.37925435073928865
711,0.05852476517504541,0.33229993400213753,0.3792234325511161
712,0.058514889915202664,0.3322694648549258,0.37919256922351025
713,0.05850503147577682,0.33223904768713225,0.3791617612568268
714,0.05849518994327995,0.33220868278008103,0.3791310091545867
715,0.058485365403870046,0.332178370413834,0.37910031342334016
716,0.058475557943328614,0.33214811086712426,0.3790696745725269
717,0.058465767647038425,0.33211790441728944,0.37903909311433326
718,0.05845599459996193,0.3320877513402074,0.3790085695635488
719,0.05844623888661982,0.33205765191023096,0.3789781044374178
720,0.05843650059106975,0.33202760640012474,0.37894769825549063
721,0.058426779796885625,0.33199761508100195,0.3789173515394723
722,0.05841707658713723,0.33196767822226264,0.3788870648130691
723,0.05840739104437002,0.33193779609153296,0.378856838601834
724,0.05839772325058546,0.33190796895460467,0.3788266734330103
725,0.05838807328722169,0.3318781970753764,0.37879656983537396
726,0.05837844123513448,0.3318484807157955,0.37876652833907487
727,0.05836882717457886,0.33181882013580133,0.37873654947547697
728,0.05835923118519069,0.33178921559326896,0.3787066337769976
729,0.05834965334596908,0.33175966734395507,0.3786767817769465
730,0.058340093735259016,0.33173017564144336,0.3786469940093632
731,0.058330552430734366,0.3317007407370932,0.3786172710088551
732,0.058321029509381464,0.3316713628799876,0.37858761331043445
733,0.05831152504748305,0.33164204231688343,0.3785580214493554
734,0.05830203912060257,0.3316127792921626,0.3785284959609514
735,0.058292571803569115,0.3315835740477845,0.37849903738047164
736,0.05828312317046266,0.33155442682323977,0.3784696462429187
737,0.05827369329459976,0.33152533785550536,0.37844032308288594
738,0.05826428224851988,0.3314963073790006,0.37841106843439476
739,0.058254890103971904,0.3314673356255453,0.37838188283073393
740,0.0582455169319014,0.33143842282431846,0.3783527668042977
741,0.058236162802438145,0.3314095692018191,0.3783237208864256
742,0.058226827784884305,0.33138077498182705,0.37829474560724247
743,0.05821751194770296,0.3313520403853674,0.37826584149550035
744,0.05820821535850705,0.3313233656306742,0.37823700907841995
745,0.05819893808404915,0.33129475093315675,0.37820824888153387
746,0.058189680190211195,0.3312661965053668,0.37817956142853115
747,0.05818044174199522,0.3312377025569677,0.37815094724110226
748,0.05817122280351427,0.3312092692947042,0.3781224068387863
749,0.05816202343798371,0.3311808969223747,0.37809394073881797
750,0.058152843707713585,0.3311525856408039,0.37806554945597837
751,0.05814368367410057,0.33112433564781774,0.3780372335024442
752,0.05813454339762134,0.33109614713821933,0.3780089933876416
753,0.05812542293782573,0.3310680203037663,0.37798082961809837
754,0.05811632235333074,0.33103995533315017,0.37795274269730095
755,0.05810724170181485,0.3310119524119761,0.37792473312555075
756,0.05809818104001305,0.33098401172274555,0.3778968013998231
757,0.05808914042371198,0.3309561334448388,0.3778689480136275
758,0.058080119907745836,0.33092831775450043,0.3778411734568713
759,0.05807111954599277,0.3309005648248247,0.37781347821572214
760,0.05806213939137142,0.3308728748257442,0.37778586277247567
761,0.05805317949583836,0.33084524792401765,0.37775832760542244
762,0.05804423991038564,0.3308176842832216,0.3777308731887187
763,0.058035320685039075,0.33079018406374133,0.3777034999922577
764,0.0580264218688566,0.33076274742276485,0.3776762084815446
765,0.058017543509927626,0.33073537451427687,0.3776489991175712
766,0.05800868565537223,0.33070806548905546,0.37762187235669514
767,0.05799984835134133,0.33068082049466907,0.3775948286505195
768,0.05799103164301691,0.33065363967547545,0.3775678684457749
769,0.05798223557461271,0.33062652317262176,0.3775409921842045
770,0.05797346018937568,0.3305994711240457,0.3775142003024496
771,0.05796470552958732,0.3305724836644786,0.3774874932319391
772,0.057955971636565976,0.3305455609254491,0.3774608713987796
773,0.057947258550668936,0.33051870303528896,0.3774343352236491
774,0.057938566311295604,0.3304919101191387,0.3774078851216911
775,0.057929894956890327,0.33046518229895633,0.377381521502413
776,0.05792124452494624,0.33043851969352556,0.37735524476958476
777,0.0579126150520091,0.33041192241846656,0.3773290553211409
778,0.057904006573681624,0.3303853905862469,0.3773029535490845
779,0.05789541912462801,0.33035892430619423,0.37727693983939314
780,0.05788685273857917,0.33033252368450994,0.37725101457192706
781,0.057878307448337905,0.33030618882428364,0.3772251781203395
782,0.05786978328578449,0.3302799198255096,0.3771994308519901
783,0.057861280281882956,0.3302537167851027,0.3771737731278583
784,0.05785279846668696,0.330227579796917,0.37714820530246246
785,0.05784433786934674,0.330201508951765,0.3771227277237767
786,0.057835898518115825,0.33017550433743625,0.3770973407331541
787,0.05782748044035817,0.33014956603871964,0.3770720446652492
788,0.05781908366255563,0.33012369413742443,0.37704683984794474
789,0.057810708210315725,0.3300978887124029,0.37702172660227784
790,0.057802354108379354,0.3300721498395744,0.37699670524237194
791,0.057794021380629244,0.33004647759194927,0.37697177607536764
792,0.057785710050098166,0.3300208720396545,0.3769469394013577
793,0.0577774201389777,0.3299953332499594,0.37692219551332273
794,0.05776915166862697,0.32996986128730266,0.37689754469707065
795,0.05776090465958176,0.3299444562133197,0.37687298723117657
796,0.057752679131563706,0.32991911808687124,0.37684852338692565
797,0.05774447510348974,0.32989384696407176,0.3768241534282585
798,0.05773629259348168,0.3298686428983191,0.37679987761171724
799,0.05772813161887588,0.3298435059403252,0.37677569618639495
800,0.05771999219623323,0.3298184361381461,0.3767516093938871
801,0.05771187434134913,0.32979343353721363,0.3767276174682435
802,0.05770377806926362,0.32976849818036735,0.37670372063592494
803,0.057695703394271707,0.32974363010788643,0.37667991911575904
804,0.0576876503299336,0.32971882935752284,0.3766562131189002
805,0.057679618889085425,0.3296940959645345,0.3766326028487909
806,0.05767160908384947,0.3296694299617185,0.3766090885011247
807,0.057663620925645045,0.3296448313794457,0.3765856702638118
808,0.05765565442519905,0.32962030024569444,0.3765623483169461
809,0.05764770959255672,0.32959583658608554,0.37653912283277496
810,0.05763978643709245,0.329571440423917,0.37651599397567004
811,0.0576318849675206,0.32954711178019913,0.3764929619021012
812,0.0576240051919063,0.3295228506736901,0.3764700267606114
813,0.05761614711767621,0.3294986571209312,0.3764471886917946
814,0.05760831075162962,0.32947453113628244,0.3764244478282746
815,0.05760049609994896,0.32945047273195893,0.376401804294687
816,0.057592703168210864,0.3294264819180661,0.37637925820766205
817,0.05758493196139682,0.32940255870263585,0.37635680967581064
818,0.05757718248390401,0.3293787030916626,0.37633445879971145
819,0.057569454739555916,0.32935491508913933,0.3763122056719003
820,0.05756174873161302,0.3293311946970935,0.37629005037686225
821,0.05755406446278336,0.3293075419156225,0.3762679929910243
822,0.05754640193523305,0.32928395674293026,0.37624603358275194
823,0.057538761150596654,0.32926043917536224,0.3762241722123457
824,0.05753114210998751,0.3292369892074412,0.376202408932042
825,0.05752354481400805,0.3292136068319028,0.3761807437860142
826,0.057515969262759724,0.32919029203973044,0.37615917681037625
827,0.05750841545585312,0.32916704482019044,0.37613770803318997
828,0.05750088339241781,0.3291438651608666,0.37611633747447104
829,0.05749337307111197,0.3291207530476947,0.3760950651462014
830,0.057485884490132144,0.3290977084649968,0.37607389105233946
831,0.05747841764722256,0.32907473139551463,0.3760528151888365
832,0.05747097253968432,0.3290518218204435,0.3760318375436515
833,0.057463549164384724,0.3290289797194652,0.37601095809677193
834,0.05745614751776607,0.3290062050707805,0.375990176820232
835,0.05744876759585441,0.32898349785114184,0.3759694936781386
836,0.05744140939426823,0.3289608580358848,0.37594890862669494
837,0.05743407290822674,0.3289382855989597,0.37592842161422885
838,0.057426758132558146,0.32891578051296266,0.37590803258122263
839,0.05741946506170756,0.3288933427491656,0.3758877414603446
840,0.05741219368974497,0.3288709722775462,0.37586754817648466
841,0.0574049440103726,0.32884866906681787,0.3758474526467896
842,0.05739771601693247,0.3288264330844577,0.3758274547807028
843,0.057390509702413446,0.3288042642967354,0.375807554480006
844,0.05738332505945823,0.3287821626687406,0.3757877516388625
845,0.05737616208037001,0.32876012816440997,0.37576804614386267
846,0.05736902075711905,0.32873816074655404,0.375748437874073
847,0.057361901081348844,0.3287162603768825,0.3757289267010866
848,0.057354803044382154,0.32869442701602974,0.3757095124890766
849,0.057347726637226905,0.32867266062357975,0.37569019509485074
850,0.05734067185058152,0.32865096115808906,0.3756709743679106
851,0.05733363867484048,0.3286293285771113,0.3756518501505106
852,0.05732662710009923,0.3286077628372187,0.3756328222777214
853,0.05731963711615908,0.3285862638940247,0.3756138905774946
854,0.05731266871253185,0.32856483170220474,0.3755950548707312
855,0.057305721878444106,0.3285434662155174,0.37557631497134975
856,0.05729879660284135,0.3285221673868234,0.37555767068636053
857,0.057291892874391945,0.32850093516810575,0.3755391218159387
858,0.05728501068149071,0.3284797695104875,0.3755206681535023
859,0.057278150012262295,0.3284586703642498,0.375502309485792
860,0.05727131085456445,0.32843763767884887,0.375484045592952
861,0.057264493195990876,0.3284166714029327,0.3754658762486145
862,0.05725769702387397,0.3283957714843564,0.3754478012199871
863,0.057250922325287376,0.3283749378701971,0.3754298202679405
864,0.05724416908704807,0.3283541705067688,0.37541193314710053
865,0.05723743729571866,0.3283334693396354,0.37539413960594104
866,0.05723072693760895,0.3283128343136241,0.37537643938687987
867,0.057224037998777726,0.3282922653728372,0.3753588322263769
868,0.05721737046503411,0.3282717624606641,0.3753413178550337
869,0.057210724321938744,0.328251325519792,0.3753238959976963
870,0.0572040995548047,0.32823095449221673,0.37530656637355914
871,0.0571974961486985,0.32821064931925126,0.3752893286962713
872,0.057190914088440514,0.3281904099415358,0.37527218267404555
873,0.05718435335860556,0.3281702362990458,0.37525512800976835
874,0.05717781394352295,0.3281501283310996,0.37523816440111224
875,0.057171295827276786,0.3281300859763657,0.37522129154065004
876,0.057164798993705676,0.3281101091728696,0.3752045091159704
877,0.05715832342640266,0.32809019785799937,0.37518781680979624
878,0.057151869108714705,0.32807035196851164,0.375171214300104
879,0.05714543602374206,0.32805057144053584,0.37515470126024336
880,0.057139024154337796,0.3280308562095795,0.3751382773590622
881,0.05713263348310678,0.32801120621053126,0.3751219422610278
882,0.05712626399240483,0.32799162137766485,0.37510569562635454
883,0.057119915664337516,0.3279721016446416,0.37508953711112913
884,0.057113588480759175,0.32795264694451315,0.3750734663674391
885,0.057107282423271406,0.32793325720972333,0.3750574830435014
886,0.05710099747322178,0.32791393237210975,0.3750415867837932
887,0.057094733611702406,0.327894672362905,0.37502577722918184
888,0.057088490819548234,0.3278754771127372,0.3750100540170576
889,0.05708226907733549,0.3278563465516305,0.37499441678146606
890,0.05707606836537998,0.32783728060900535,0.37497886515324125
891,0.05706988866373531,0.32781827921367773,0.3749633987601396
892,0.05706372995219099,0.3277993422938589,0.3749480172269743
893,0.05705759221027061,0.3277804697771541,0.37493272017575
894,0.057051475417229956,0.32776166159056164,0.3749175072257979
895,0.05704537955205499,0.3277429176604711,0.3749023779939107
896,0.05703930459345995,0.32772423791266203,0.3748873320944778
897,0.0570332505198852,0.32770562227230143,0.3748723691396203
898,0.057027217309495525,0.327687070663942,0.3748574887393261
899,0.05702120494017771,0.3276685830115193,0.3748426905015848
900,0.05701521338953897,0.32765015923834995,0.37482797403252155
901,0.057009242634904554,0.3276317992671277,0.3748133389365308
902,0.05700329265331601,0.32761350301992215,0.3747987848164098
903,0.05699736342152913,0.3275952704181741,0.3747843112734912
904,0.05699145491601193,0.32757710138269375,0.37476991790777414
905,0.05698556711294291,0.3275589958336567,0.3747556043180554
906,0.056979699988209016,0.3275409536906012,0.37474137010205893
907,0.05697385351740386,0.32752297487242443,0.3747272148565644
908,0.05696802767582595,0.3275050592973793,0.37471313817753504
909,0.05696222243847696,0.327487206883071,0.3746991396602423
910,0.056956437780060015,0.3274694175464537,0.37468521889939216
911,0.05695067367497806,0.32745169120382683,0.37467137548924656
912,0.05694493009733236,0.3274340277708319,0.37465760902374556
913,0.05693920702092097,0.32741642716244884,0.37464391909662687
914,0.05693350441923739,0.3273988892929931,0.3746303053015434
915,0.05692782226546912,0.32738141407611165,0.37461676723217957
916,0.056922160532496484,0.3273640014247802,0.37460330448236445
917,0.05691651919289152,0.3273466512512999,0.3745899166461844
918,0.056910898218916685,0.3273293634672941,0.3745766033180925
919,0.05690529758252408,0.3273121379837053,0.3745633640930154
920,0.05689971725535446,0.3272949747107924,0.3745501985664592
921,0.056894157208736376,0.32727787355812765,0.37453710633461174
922,0.05688861741368545,0.32726083443459386,0.3745240869944429
923,0.05688309784090395,0.3272438572483822,0.3745111401438027
924,0.0568775984607799,0.32722694190698925,0.37449826538151626
925,0.05687211924338705,0.32721008831721493,0.3744854623074763
926,0.05686666015848427,0.3271932963851601,0.3744727305227337
927,0.05686122117551539,0.32717656601622475,0.374460069629584
928,0.05685580226360918,0.3271598971151059,0.3744474792316523
929,0.0568504033915792,0.32714328958579586,0.37443495893397494
930,0.05684502452792396,0.3271267433315808,0.37442250834307866
931,0.056839665640827,0.32711025825503914,0.37441012706705623
932,0.05683432669815739,0.32709383425804023,0.37439781471563977
933,0.05682900766746975,0.32707747124174363,0.3743855709002713
934,0.05682370851600515,0.32706116910659794,0.3743733952341702
935,0.056818429210691385,0.32704492775233973,0.374361287332397
936,0.056813169718143784,0.3270287470779938,0.3743492468119157
937,0.05680793000466599,0.3270126269818721,0.3743372732916526
938,0.05680271003625081,0.3269965673615738,0.3743253663925511
939,0.05679750977858125,0.3269805681139851,0.37431352573762583
940,0.056792329197031456,0.32696462913527974,0.374301750952011
941,0.05678716825666798,0.3269487503209189,0.37429004166300933
942,0.05678202692225106,0.3269329315656521,0.37427839750013425
943,0.05677690515823582,0.3269171727635177,0.3742668180951534
944,0.05677180292877387,0.32690147380784373,0.37425530308212507
945,0.05676672019771473,0.3268858345912492,0.3742438520974353
946,0.05676165692860736,0.32687025500564487,0.37423246477983046
947,0.056756613084702014,0.3268547349422354,0.3742211407704473
948,0.05675158862895182,0.3268392742915202,0.3742098797128409
949,0.056746583524014786,0.32682387294329557,0.37419868125300904
950,0.05674159773225554,0.32680853078665667,0.3741875450394152
951,0.05673663121574753,0.3267932477099994,0.3741764707230077
952,0.05673168393627478,0.3267780236010227,0.3741654579572374
953,0.05672675585533432,0.3267628583467312,0.3741545063980724
954,0.0567218469341382,0.32674775183343757,0.3741436157040106
955,0.05671695713361582,0.3267327039467656,0.37413278553608925
956,0.05671208641441614,0.3267177145716524,0.37412201555789315
957,0.0567072347369102,0.32670278359235233,0.3741113054355605
958,0.056702402061193403,0.3266879108924397,0.37410065483778576
959,0.056697588347088164,0.3266730963548121,0.3740900634358216
960,0.05669279355414625,0.3266583398616942,0.37407953090347756
961,0.05668801764165154,0.326643641294641,0.3740690569171178
962,0.05668326056862255,0.32662900053454186,0.37405864115565646
963,0.05667852229381512,0.3266144174616247,0.37404828330055145
964,0.05667380277572525,0.326599891955459,0.374037983035796
965,0.05666910197259161,0.3265854238949613,0.3740277400479089
966,0.056664419842398596,0.32657101315839865,0.3740175540259233
967,0.056659756342879036,0.32655665962339314,0.3740074246613733
968,0.056655111431517045,0.3265423631669264,0.3739973516482801
969,0.05665048506555093,0.32652812366534456,0.3739873346831354
970,0.056645877201976155,0.3265139409943628,0.3739773734648844
971,0.05664128779754824,0.32649981502907005,0.3739674676949077
972,0.05663671680878582,0.32648574564393434,0.3739576170770012
973,0.05663216419197347,0.3264717327128073,0.37394782131735477
974,0.056627629903164944,0.32645777610892995,0.3739380801245319
975,0.056623113898186084,0.32644387570493755,0.37392839320944454
976,0.05661861613263782,0.326430031372865,0.3739187602853314
977,0.05661413656189948,0.32641624298415256,0.373909181067732
978,0.05660967514113154,0.326402510409651,0.3738996552744613
979,0.05660523182527902,0.3263888335196274,0.37389018262558366
980,0.05660080656907447,0.3263752121837709,0.3738807628433861
981,0.056596399327040955,0.32636164627119824,0.37387139565235
982,0.05659201005349552,0.32634813565045984,0.3738620807791236
983,0.05658763870255192,0.3263346801895455,0.3738528179524931
984,0.056583285228124044,0.3263212797558906,0.37384360690335405
985,0.05657894958392896,0.326307934216382,0.373834447364681
986,0.056574631723490046,0.32629464343736414,0.37382533907149873
987,0.05657033160014012,0.32628140728464533,0.373816281760851
988,0.05656604916702461,0.32626822562350366,0.37380727517177165
989,0.05656178437710468,0.3262550983186937,0.3737983190452528
990,0.05655753718316041,0.32624202523445256,0.3737894131242149
991,0.05655330753779379,0.32622900623450635,0.3737805571534758
992,0.05654909539343207,0.32621604118207664,0.37377175087972014
993,0.05654490070233067,0.32620312993988687,0.3737629940514681
994,0.05654072341657646,0.32619027237016884,0.37375428641904523
995,0.056536563488090705,0.3261774683346693,0.37374562773455144
996,0.056532420868632347,0.32616471769465694,0.37373701775183027
997,0.05652829550980101,0.326152020310928,0.37372845622643863
998,0.05652418736303995,0.3261393760438142,0.37371994291561683
999,0.056520096379639444,0.3261267847531884,0.3737114775782576
1000,0.056516022510739485,0.3261142462984722,0.37370305997487746
